ngram,score,totalwords
famous,0.12045148015022278,1
i,0.13640233874320984,1
insert,0.06576776504516603,1
need,0.1148812174797058,1
quotes,0.041129253804683685,1
to,0.04789403825998306,1
famous quotes,0.08195048570632935,2
i need,0.3834218680858612,2
insert famous,0.09584209322929382,2
need to,0.19472315907478333,2
to insert,0.2636612355709076,2
i need to,0.6784773468971252,3
insert famous quotes,0.07951053977012634,3
need to insert,0.6535437107086182,3
to insert famous,0.3071393370628357,3
