ngram,score
am thinking of,0.26655828952789307
and ngrams as,0.4219086766242981
displaying the words,0.4138430953025818
ngrams as chips,0.2200862169265747
of displaying the,0.2885608673095703
the words and,0.6246140003204346
thinking of displaying,0.3490716516971588
words and ngrams,0.38764387369155884
