ngram,score
happy to almost,0.23725666105747223
is happy to,0.4810803532600403
rachel is happy,0.426548033952713
to almost done,0.6263367533683777
