ngram,score
finish,0.047894030809402466
finish this,0.26366126537323
finish this project,0.3071393370628357
let,0.11488121747970581
let finish,0.19472315907478333
let finish this,0.6535437107086182
project,0.12045148015022278
this,0.06576776504516602
this project,0.09584213048219681
