ngram,score,totalwords
algorithm,0.041129231452941895,1
change,0.04789403080940247,1
i,0.13640233874320984,1
need,0.1148812174797058,1
this,0.12045151740312575,1
to,0.06576775014400482,1
change this,0.0704110860824585,2
i need,0.3834218680858612,2
need to,0.480219691991806,2
this algorithm,0.08195048570632935,2
to change,0.11594735085964206,2
change this algorithm,0.058134377002716064,3
i need to,0.8290928602218628,3
need to change,0.758169412612915,3
to change this,0.139688178896904,3
