ngram,score
happy,0.04789403825998306
happy happy,0.08568716049194336
happy happy joy,0.42233139276504517
happy joy,0.2636612355709076
happy joy joy,0.7363795638084412
joy,0.06576775014400482
joy joy,0.33382487297058105
