ngram,score
excited to finish,0.5281364917755127
finish this soon,0.40955016016960144
super excited to,0.5731245875358582
to finish this,0.3343107998371124
