ngram,score
learning model is,0.23725666105747223
machine learning model,0.4810803532600403
model is bad,0.39836689829826355
my machine learning,0.5844478607177734
