word,score
bad,0.1798052042722702
is,0.22611507773399353
learning,0.16921351850032806
machine,0.1948562115430832
model,0.25833263993263245
my,0.2930411696434021
