word,score
am,0.11488121747970581
and,0.12045151740312576
excited,0.041129253804683685
happy,0.04789403825998306
super,0.06576775014400482
