word,score
am,0.11046850681304932
and,0.25833263993263245
as,0.1979430615901947
chips,0.16527095437049866
displaying,0.19485622644424438
ngrams,0.22611507773399353
of,0.16921353340148926
the,0.1798052191734314
thinking,0.1705269068479538
words,0.2930411696434021
