ngram,score,totalwords
a,0.047894030809402466,1
terrified,0.1148812174797058,1
poor,0.1307150572538376,1
of,0.041129231452941895,1
not,0.08424055576324463,1
i,0.25310343503952026,1
finding,0.13640233874320984,1
being,0.04373142123222351,1
house,0.06576776504516603,1
and,0.12045148015022278,1
am,0.0285128653049469,1
