ngram,score,totalwords
about,-0.7029122114181519,1
her,-0.2956690490245819,1
is,-0.4868168830871582,1
project,-0.8282995820045471,1
rachel,-0.8490924239158629,1
worried,-0.3855276107788086,1
