ngram,score,totalwords
come,-0.3855276107788086,1
spread,-0.14465652406215668,1
one,-0.40941956639289856,1
without,-0.5558388233184814,1
no,0.2322134226560593,1
love,-0.8303984999656677,1
leaving,-0.5779615640640259,1
happier,0.14456391334533691,1
go,-0.8490924239158629,1
let,-0.4483373165130615,1
to,-0.2956690490245819,1
everywhere,-0.8282995820045471,1
ever,-0.4868168830871582,1
you,-0.7029122114181519,1
