ngram,score,totalwords
am,0.041129231452941895,1
to,0.06576775014400482,1
excited,0.047894030809402466,1
project,0.08424057811498642,1
final,0.13640233874320984,1
finish,0.12045148015022278,1
i,0.0285128653049469,1
my,0.1148812174797058,1
