ngram,score,totalwords
cool,0.06576776504516603,1
weather,0.1148812174797058,1
warm,0.041129231452941895,1
is,0.047894030809402466,1
the,0.12045148015022278,1
rachel,0.13640233874320984,1
