ngram,score,totalwords
algorithm,0.041129231452941895,1
change,0.047894030809402466,1
i,0.13640233874320984,1
need,0.1148812174797058,1
this,0.12045151740312575,1
to,0.06576775014400482,1
