ngram,score,totalwords
famous,0.12045148015022278,1
i,0.13640233874320984,1
insert,0.06576776504516603,1
need,0.1148812174797058,1
quotes,0.041129253804683685,1
to,0.04789403825998306,1
